,content,prediction
0,njir kirain canda,1
1,egara negara dengan sistem didik publik baik swedia denmark jerman kanada norwegia finlandia inggris belanda switzerland jepang sumber news,0
2,enak bisa numpang nama kelompok trus lulus hehe,1
3,boong,1
4,lagi skripsi sekarang kamu canda,1
5,udulnya klick bait padahal ganti skripsi sama susah,1
6,skripsi kenapa dari dulu pak,1
7,wajib tapi pasti lain adalah nerbitinn jurnal juara pimnas syulitss,1
8,kripsi ganti,0
9,adiem sebut syarat kelulus serah kepada tiap kepala program kaprodi didik guru tinggi sebut penasaran sama dampak tahun depan bakal seperti tapi tahun depan udah pilpres menteri bisa ganti lagi bijak ganti,0
10,enapa dari dulu adil,1
11,thesis magister sekali paaakkk bisa yuukk,1
12,nanti ngga bisa kenang yang udah lulus masih suka flashback juang skripsi,1
13,ahhh arti wajib lagi buat yang kuliah harus tolong,1
14,ending sekali universitas hapus percuma semua kuliah kalo baca judul doang tanpa isi ngamok,1
15,enapa atur rubah saya udah lulus,1
16,wajib guys bukan tiada,0
17,yarat kelulus luar negeri juga tidak hanya skripsi amerika bisa milih uji skripsi atau tesis professional project bisa dalam bentuk film dokumenter tulis jurnal atau presentasi ilmiah uji komprehensif biasa bentuk tulis,0
18,enapa nggak dari dulu,1
19,lhamdulillah jadi banyak mahasiswa neng ngurangi bundir,1
20,skripsi jaya jaya jaya,1
21,wajib skripsi bukan arti tinggal lulus gitu engga gitu pergusooo,0
22,baru sekarang atur ituu,1
23,ausa skripsi syarat lulus harus hobi mancing,1
24,antia tugas akhir lain sama berat juga,1
25,banyak gocek baca paham,0
26,lhamdulillah,1
27,coba dari dulu gin,1
28,dulu ada tugas alhamdulillah untung kelar sidang pamer sekali ampun supir,1
29,lhamdulillah jadi kuliah lagi bismillahirrahmanirrahim online,1
30,arus udah dari jaman skripsi atur,1
31,baru sidang skripsi,1
32,ergantung kampus,0
33,bisa hindar mahasiswa abadi,1
34,yang tunggu tunggu,1
35,lulus baru atur gin buat skripsi susah bangt huhuhuhu,1
36,udah lulus pasti wkwk,1
37,lulus kemudia uji nasional hapus sekarang lulus kuliah skripsi hapus anjing napa masa dihapusnta tolol,1
38,mirrii,1
39,erus tugas akhir ganti,1
40,ahasiswa abadi auto girang,1
41,scoring free ticket when from game changer thanks free,0
42,enapa baru sekarang,1
43,kripsi ganti uninstall tiktok lama tahun sejati cukup selesai beberapa problematika cerdas bangsa,0
44,ekalian hapus universitas,1
45,rattibha screenshot this,1
46,eren,1
47,es diapus juga wkwk,1
48,ukan jadi syarat utama,1
49,have feeling about this,0
50,ugas akhir ganti budidaya bonsai kangkung,1
51,ganti skripsi dengan budidaya lele,1
52,embimbing sama uji dapet amplop sama nasi kotak lagi mampuss,1
53,enapa dari atur,1
54,ampus dari tahun kemarin nerapin jurnal buat skripsi lagi cuman yang masalah biaya hebat,1
55,ejak dulu harus skripsi ganti dengan tugas kliping,1
56,dhal skripsi jadi beda cara pikir sistematis skripsi menteri harus ganti dari awal bikin ajar daya kompetisi,1
57,rausa dilanjutke skripsine,0
58,angan kecoh judul,0
59,dapet cuan dong tukang nyadur skripsi orang dosen uji bimbing tiap minta cuan bukan berantas tikus malah bakar lumbung jadi mahasiswa sekarang,1
60,rodi nerapin kelulus bisa tempuh lewat jalur skripsi artikel ilmiah karya sastra bahkan dosen dosen oprec buat mahasiswa ikut riset terus bikin jurnal sampe terbit sinta bisa aju untuk sidang kelulus,1
61,ekalian usah kuliah langsung kasih gelar seperti kalian ngasih gelar kepada yang hormat cinta anak presiden pertama sang jenius hebat dunia akhirat megawati soekarno putri,1
62,,1
63,ulti tafsir wkwk bisa jadi skripsi hapus bisa jadi boleh susun skripsi semester lebih awal wajib arti bisa juga akhir semester baca dulu berita wkwk,1
64,jung tiap ajar mahasiswa yang lulus tidak wajib milik ijazah,1
65,ttps idmbmmjy,0
66,mycatisgr,1
67,apulkt mari kita doa,1
68,,1
69,natadhecocow,1
70,najis telat,1
71,masbiasaajaa basi,1
72,males baca saya kasi inti berita tugas akhir bisa bentuk macam macam bisa bentuk prototipe proyek bisa bentuk lain bukan hanya skripsi tesis disertasi putus guru tinggi,1
73,iliran udah lulus baru hapus anjing,1
74,udul bener harus skripsi bisa ganti dengan tugas lain bagai syarat kelulus mahasiswa,1
75,usul saya dari dulu walaupun saya lulus tepat waktu lewat skripsi saat tesis saat tapi saya sedih lihat teman kuliah saya akhir karena tidak selesai skripsi sampai batas waktu tentu,1
76,ubtk kuliah,1
77,angan senang dulu kisanak memang tesis hapus tapi ganti teliti wajib publikasi kalau lolos submit tapi tidak tugas akhir ganti teliti wajib publikasi gin lebih kualitas banding yang sudah sudah,1
78,lhamdulillah kalo begitu,1
79,imulainya kapan nadiem,1
80,udah lulus udah jangan sesal akhir nnti lamar kerja juga masih akan sulit,1
81,rename doang wkwk,1
82,kampus seni indonesia udah begini skripsi jadi tugas karya akhir memamg buat bbrp jurus lebih bukan skripsi,1
83,kipsi lagi capek capek kluar berita gin sedikit hibur jiwa,2
84,udeh lulus,1
85,baca berita skripsi hapus gais tapi bukan lagi jadi syarat kembali lagi universitas masing masing lagi kata tidak wajib jadi bukan arti hilang,0
86,ulai ganti proyek banding paper mulu,0
87,,1
88,faaaaakkk,1
89,hellllll,1
90,yang jadi komponen ganti skripsi apakah jurnaling,1
91,hell what mess,1
92,erdas,1
93,bener mumpung masih,1
94,etuju buat sekolah mending buat tugas akhir proyek yang bisa dipake buat porto juga,1
95,aduh alas buat lama kuliah,1
96,ebuah mundur,1
97,undur,1
98,ejak jadi mendikbudristek kacau balau dunia didik taik sama udah urus gojek,1
99,urikulum kiblat scopus tapi kiblat please bikin ginian mending bedain dulu tipe kampus lokal antara university college kalo gin ibarat menyamaratakan udah kata only know business,1
100,bingung atur sekarang perlu uji lagi trus mahasiswa perlu skripsi lagi gimana test calon lulus tiap tingkat didik,1
101,agaimana nanti kalau mereka mahasiswa kerja dengan harus buat lapor atau jenis apakah dapat selesai tanpa ada skripsi jadi lebih baik jangan hapus,1
102,udah lama wkwkw,1
103,elat,1
104,kwkwkwk,1
105,kalo thesis wajib,0
106,bismahanggonor sing mbok enten,0
107,ohohoho betapa kita adalah orang untung tahun belum beban bbrp bulan skripsi dosen killer tesis tahun langka kelar skrg tahun magister kalau tesis lalu ristek bagi mana,1
108,kalian kurang bisa doktoranbus ingsingyur,1
109,iganti sama rank tinggi bisa menteri,1
110,sinta scopus sama malah skipsi gmpng,1
111,skripsi ganti konten video ancurrrrrr kuliah tahun karena skripsi molor proses skripsi benar tempa asah ehhhh skrg enak kaliiii bilang lowong kerja sempit ngapain kuliah lama skripsi,1
112,apa banget tiap lulus kek begini,1
113,trus guna hhhh,1
114,,1
115,enarik,1
116,entri kristen awal mula dulu hapus kurikulum ppkn,1
117,,1
118,kookkkkkk,1
119,lanjut skripsi,1
120,bisa yukk kapan disahinnya,1
121,ebenarnya skripsi untuk bagus tapi uji yang cenderung arah hakim daripada damping itu yang buat skripsi olah jadi hantu bagi mahasiswa,1
122,lulus unipersity tapi bisa nulis karya ilmiah bgamana bisa nilai dapat sampai gagas cara sistematis dasar ilmu uji tanggung jawab,1
123,lulus sekolah gedung bangun udah kuliah skripsi udah tidak jadi bahan acu lulus kenapa semua pada lewat mulu pernah saya nikmat fasilitas yang,1
124,ergantung univ fakultas yuhu,1
125,etep buat jurnal sinta,1
126,crulean telat,1
127,muhammadd,1
128,boleh marah,1
129,uliah lagi kalo udah resmi atur,1
130,ontol,1
131,yang kemenag gimana,1
132,bien bien,1
133,ugas akhir bisa bentuk macam macam bisa bentuk prototipe proyek bisa bentuk lain bukan hanya skripsi tesis disertasi putus guru tinggi raihanhan padahal didik adalah tiang bangsa negara malah begini,1
134,rwrwr,1
135,barusan lulus,1
136,baru kelar ngerjain skripsi wehhh,1
137,adahal seru,1
138,skolah ubah dong,1
139,scisyphus benerrrr,1
140,joki ketar tir,1
141,usak generasi bawah nadiem,1
142,ttps jvgnruz,0
143,oleh tahun sekarang tidak,1
144,nggak seru,1
145,bener luuuu,1
146,,1
147,joki skripsi ketar tir,1
148,elat elahhh,1
149,adahal bukan hapus bisa ganti timbang lain sesuai mampu atau karya mahasiswa,1
150,ebiasaan giring,1
151,ambah kemontol ngkok laku fresh graduate,1
152,,1
153,cepetan sah bisa semester ganjil hehe,1
154,yang ngoding gimana packkk,1
155,kripsi hapus tugas akhir tetap jalan,1
156,idak tuju apaaan terus banggan dari kuliah justru skripsi bikin mahasiswa banyak ajar buah karya ilmiah mahasiswa bisa bangga,1
157,kripsi ganti deng main tiktok,1
158,,1
159,kemarin sidang skripsi babi yaudahla congrats beneran yudisium,1
160,temenku skripsi ganti intern,1
161,hapus harus sidang,1
162,ukan lemah mampu pikir kritis mahasiswa,1
163,balabalasarebu,1
164,,1
165,emang sejak dulu misal rumpun seni bisa ganti sama tugas akhir terus pasca mbkm juga skripsi bisa ganti dengan project tentu luar tetap artikel ilmiah atau portofolio lain,1
166,etuju,1
167,bisa word word lagi,1
168,antap juang tara,1
169,bisa temen dteng cuma mau doang hapus bumi,1
170,tarik,1
171,amat genti apaaan tugas akhirny,1
172,,1
173,adahl barusan kelar sidang pack mennn,0
174,kmrn saya baru selesai sidang skrg revisi kenapa baru kasi skrg ,0
175,temen temen boleh minta bantu untuk kitabisa keponakan bawah,1
176,,1
177,uset baru ngumpulin skripsi pus univ gueh,1
178,yang juga dong,1
179,enapaaaa udah lulus juang skripsi taun sampe telat lulus,1
